{
  "trainName": "YZ25G",
  "trainType": "EC",

  "trainModel2": {
      "modelFile": "YZ25G.mqo",
      "textures": [
	  ["mat1", "textures/train/25G/YZ25G.png"]
	  ]
  },
  "bogieModel2": {
      "modelFile": "zxj.mqo",
      "textures": [["mat1", "textures/train/25G/YZ25G.png"]]
  },
  "isSingleTrain": true,
  "buttonTexture": "textures/train/25G/button_YZ25G.png",
  "sound_BrakeRelease": "train.o220_release",
  "sound_BrakeRelease2": "train.brakeR_w",
  "sound_DoorOpen": "train.door",
  "sound_DoorClose": "train.door",
  "sound_Horn": "train.rtm_wh_00l",
  "soundScriptPath": "scripts/sound_o220.js",

  "doCulling": true,
  "smoothing": true,
  "playerPos": [[0, 0.2, 13.0], [0, 0.2, -13.0]],
  "bogiePos": [[0.0, 0.0, 9.3], [0.0, 0.0, -9.3]],
  "maxSpeed": [0.2, 0.4, 0.6, 0.8, 1.00],
  "trainDistance":13.3,
  "accuracy": "LOW",
  "tags": "YZ25G"
}